METRO_AREA,STATE,LAT,LON,TOTAL,NAT_RES,CONSTRUCTION,DURABLE,NONDURABLE,RETAIL,TRANSPORT,INFORMATION,FINANCE,BUSINESS,SOCIAL,ARTS_ENT,GOVERNMENT,OTHER
Abilene,TX,32.9263633,-99.7836628,0.6,-0.66,0.26,0.07,-0.02,0.81,0.26,0.06,-0.93,0.38,0.16,0.14,0.1,-0.02
Akron,OH,41.0638893,-81.4856989,2.3,0.16,0.29,0.3,-0.16,0.41,-0.02,0.03,-0.26,1.06,0.28,0.27,0.03,-0.11
Albany,GA,31.5785074,-84.155741,-1.4,-1.07,-0.03,-0.14,-0.08,(D),(D),0.19,-0.13,(D),-0.22,0.07,-0.26,-0.12
Albany,OR,44.6335621,-123.1020801,2.6,-0.18,0.3,0.25,0.01,0.5,0.48,0.08,0.24,0.07,0.45,0.05,0.08,0.25
Albany-Schenectady-Troy,NY,42.6502031,-73.7779845,2.4,0.14,0.14,-0.09,0.58,0.23,0.08,0.43,0.55,0.13,0.16,0.04,0,0.01
Albuquerque,NM,35.0853336,-106.6055534,-0.1,0,-0.23,-0.29,0.03,0.22,0,0.09,-0.22,0.22,0.1,0.11,0,-0.19
Alexandria,LA,31.3112936,-92.4451371,-2.3,-0.2,-0.15,-0.78,0.09,-0.27,-0.26,0.08,-0.78,0.99,-0.26,0.18,-0.17,-0.75
Allentown-Bethlehem-Easton,PA,40.7093369,-75.2065773,3.1,-0.14,-0.05,0.31,0.26,0.33,0.13,0.21,0.89,0.91,0.37,0.02,-0.04,-0.09
Altoona,PA,40.504032,-78.406764,0.8,-0.44,-0.16,0.11,1.82,0.36,-1.11,0.08,-0.13,0.38,0.1,-0.08,0.03,-0.13
Amarillo,TX,35.2097455,-101.8366747,2.4,(D),(D),-0.41,-0.19,0.44,0.85,(D),0.08,0.38,(D),(D),0.01,0.08
Ames,IA,42.0193432,-93.462393,1.8,-0.88,1.38,0.92,-1.03,-0.31,0.16,-0.04,0.51,0.59,0.18,0.05,0.04,0.18
Anchorage,AK,61.2180556,-149.9002778,-1.4,-1.72,0.01,0,0.03,0.24,-0.01,0.15,-0.05,0.14,0.11,0,0,-0.33
Ann Arbor,MI,42.2808256,-83.7430378,-0.2,-0.02,0.05,-1.03,0.37,0.3,-0.32,0.76,-0.62,0.16,0.35,0.06,-0.04,-0.19
Anniston-Oxford-Jacksonville,AL,33.816231,-85.7548299,-1.5,0.01,-0.12,-0.47,0.12,0.23,-0.07,-0.12,-0.19,-0.93,-0.11,0.01,0.16,-0.06
Appleton,WI,44.255014,-88.438024,2.3,0.26,-0.12,0.44,-0.11,0.52,0.04,0.12,0.38,0.39,0.38,0.01,0.04,-0.04
Asheville,NC,35.563463,-82.518682,2.3,-0.01,-0.01,-0.08,0.76,0.36,-0.1,0.03,0.53,0.15,0.46,0.12,0.15,-0.11
Athens-Clarke County,GA,33.9624701,-83.367705,2,-0.02,-0.04,0.22,-0.74,1.08,0.01,0.25,1.1,0.23,-0.16,0.09,0.07,-0.11
Atlanta-Sandy Springs-Roswell,GA,33.9396782,-84.3772958,3,(D),(D),0.06,-0.07,0.44,0,0.45,0.52,1.14,0.22,0.14,0.03,-0.04
Atlantic City-Hammonton,NJ,39.701021,-74.8901732,-2.5,(D),-0.32,-0.09,(D),0.15,0.1,0.13,-1.86,-0.05,0.43,-0.63,-0.06,-0.07
Auburn-Opelika,AL,32.6523118,-85.3755813,4,-0.08,-0.28,0.14,0.26,1.06,0.06,0.09,2.15,0.22,0.22,0.07,0.08,0.03
Augusta-Richmond County,GA,33.4713063,-81.950799,0.2,-0.04,-0.45,-0.2,(D),(D),(D),0.17,0.19,0.36,0.24,-0.14,0.08,-0.19
Austin-Round Rock,TX,30.5104204,-97.6794855,6.1,0.94,0.27,1.21,0.09,-0.15,0.5,0.4,0.91,1.09,0.35,0.39,0,0.09
Bakersfield,CA,35.3685177,-119.0030184,0.7,-1.61,-0.16,0.11,1.31,0.54,-0.01,0.01,-0.13,0.16,0.19,0.07,0.01,0.22
Baltimore-Columbia-Towson,MD,39.257179,-76.7318533,1.4,(D),(D),-0.27,-0.01,0.24,-0.03,0.02,0.86,0.51,0.17,0.11,0,-0.1
Bangor,ME,44.8011821,-68.7778138,-1.1,0.08,-0.01,-0.07,-0.97,-0.02,-0.48,-0.1,-0.39,0.94,0.25,-0.07,-0.13,-0.09
Barnstable Town,MA,41.7070509,-70.2964209,0.1,-0.03,-0.09,0.18,-0.01,0.2,-0.08,-0.08,-0.36,0.05,0.11,0.15,0.06,0.04
Baton Rouge,LA,30.4504036,-91.1871141,3.4,(D),(D),0.22,2.98,0.05,(D),0.18,0.11,(D),0.23,0.04,0.04,-0.41
Battle Creek,MI,42.3128245,-85.1425426,0.5,-0.18,-0.05,0.43,-3.57,2.85,-0.03,0.26,-0.39,0.91,0.37,-0.02,0.04,-0.1
Bay City,MI,43.5944677,-83.8888647,-2.8,-0.54,-0.17,0.33,0.28,-0.05,-0.17,0.06,-0.38,-0.36,0.18,-1.55,-0.37,-0.08
Beaumont-Port Arthur,TX,30.0782484,-94.1199832,5.7,0.03,0.33,0.24,3.16,0.33,0.36,0.07,0.06,0.79,(D),0.05,0.15,0.05
Beckley,WV,37.773757,-81.1915439,2.5,4.57,-0.32,-0.33,0.15,-0.66,-0.17,-0.03,-0.11,-0.18,-0.16,-0.04,-0.09,-0.1
Bellingham,WA,48.7425264,-122.4623723,3.2,-0.15,-0.27,0.12,3.15,0.33,-0.07,-0.38,-0.58,0.34,0.39,0.08,0.11,0.09
Bend-Redmond,OR,44.2765685,-121.173246,5.9,0.01,1.34,0.02,0.15,0.49,0.58,0.4,0.37,0.8,1,0.37,0.17,0.2
Billings,MT,45.7701745,-108.5278692,5.3,-0.22,-0.81,0.1,4.52,0.35,0.18,(D),0.11,0.48,0.08,0.2,0.04,-0.01
Binghamton,NY,42.0986867,-75.9179738,-0.4,-0.04,-0.46,0.1,0.05,0.14,0.02,0.39,-0.44,-0.09,-0.06,0.05,-0.05,0.01
Birmingham-Hoover,AL,32.7075816,-86.4877423,1.3,-0.28,-0.24,0.11,0.48,(D),(D),-0.07,1.24,0,0.22,(D),(D),0
Bismarck,ND,46.8054125,-100.7831022,7.6,(D),0.36,(D),(D),(D),0.77,-0.01,1.08,1.28,0.82,0.16,0.08,0.27
Blacksburg-Christiansburg-Radford,VA,37.127,-80.4131,0.7,0.01,0.25,0.53,-0.03,-0.07,0.07,0.05,-0.1,(D),0.04,(D),0.02,0.09
Bloomington,IL,40.4842027,-88.9936873,-3.3,-1.31,-0.26,0,0.06,0.15,-0.01,-0.05,-1.15,-0.57,0,0.02,0.09,-0.29
Bloomington,IN,39.165325,-86.5263857,-0.7,-0.47,-0.24,-0.09,-0.14,0.14,-0.14,-0.31,0.63,0.09,-0.16,0.03,0.19,-0.24
Bloomsburg-Berwick,PA,41.0043954,-76.4574245,-1.9,0.11,0.27,0.25,-0.24,0.19,0.07,(D),-0.11,-4.35,0.18,-0.06,(D),-0.12
Boise City,ID,43.6144166,-116.2011147,2.6,0.16,-0.18,1.12,-0.01,(D),(D),0.06,-0.41,0.37,0.34,0.1,0.05,0
Boston-Cambridge-Newton,MA,42.3752152,-71.0548525,2.6,0,(D),0.19,(D),0.22,0.1,0.36,0.33,0.93,0.22,0.05,0.06,0.08
Boulder,CO,40.1692244,-105.0935246,4.6,0.2,0.15,0.63,0.23,0.36,-0.03,0.32,1.3,0.94,0.33,0.16,-0.08,0.13
Bowling Green,KY,36.7497889,-86.1951163,1.6,-0.26,-0.06,0.69,-0.28,0.82,0.04,0.01,-0.26,0.49,0.43,0.09,0.04,-0.19
Bremerton-Silverdale,WA,47.5637637,-122.6586657,1.1,0.07,-0.15,0.12,0.01,0,0.17,0.11,0.43,-0.13,0.16,0.15,0.12,0.02
Bridgeport-Stamford-Norwalk,CT,41.1849461,-73.0920375,0.8,0,-0.07,-0.12,-0.05,0.01,0.08,0.18,0.22,0.32,0.11,0.11,0.02,0.02
Brownsville-Harlingen,TX,26.2580093,-97.8327503,1,-0.05,-0.58,-0.25,0.1,0.71,0.09,0.16,-0.16,-0.15,0.69,0.05,0.25,0.15
Brunswick,GA,31.1499528,-81.4914894,-2,(D),-2.09,-0.12,-0.26,(D),(D),0.25,-0.6,0.33,-0.26,0.56,0.21,-0.13
Buffalo-Cheektowaga-Niagara Falls,NY,42.8953167,-78.7342618,1.3,-0.01,-0.04,0.07,0.2,0.45,0.09,0.2,0.2,-0.22,0.21,0.09,0.05,0.02
Burlington,NC,36.0956918,-79.4377991,-0.7,0.1,-0.28,-0.83,0.11,0.22,-0.03,-0.16,0.69,-0.15,-0.24,0,-0.06,-0.08
Burlington-South Burlington,VT,44.487754,-73.19747,0.4,(D),-0.1,(D),(D),-0.25,-0.06,0.36,(D),0.34,0.08,(D),0.05,0.2
California-Lexington Park,MD,38.3004029,-76.5074542,-0.5,0.01,0.39,-0.22,-0.13,0.18,-0.03,-0.12,-0.19,-0.04,0.06,-0.01,0.01,-0.46
Canton-Massillon,OH,40.9146904,-81.1057945,3.8,(D),-0.21,0.5,1.13,0.34,-0.31,(D),-0.18,0.72,0.06,0.11,0.01,-0.09
Cape Coral-Fort Myers,FL,26.5596896,-81.9248622,3.9,0.08,0.72,0.07,0.01,0.89,0.14,0.58,0.05,0.75,0.42,0.22,0.02,-0.03
Cape Girardeau,MO,37.3058839,-89.5181476,-0.7,(D),(D),0.21,0.02,-0.03,0.32,0.4,0.17,-0.22,-0.29,-0.16,-0.05,-0.1
Carbondale-Marion,IL,37.7275106,-89.2137511,-3.5,-2.55,-0.05,0.39,0.1,(D),(D),0.12,-0.92,0.14,0.06,0.02,-0.03,-0.77
Carson City,NV,39.1637984,-119.7674034,-1.5,-0.01,0.37,-0.4,-0.07,0.37,-0.05,0.1,-1.4,-0.14,0.31,-0.47,-0.06,-0.05
Casper,WY,42.8514751,-106.2707779,6,4.4,0.24,0.14,0.29,0.36,-0.5,0,0.81,0.24,0.38,0.06,-0.33,-0.06
Cedar Rapids,IA,41.8602912,-91.4927992,1.3,(D),0.29,0.15,-0.11,0.4,0.39,-0.05,0.14,0.28,(D),0.05,0.07,0.04
Chambersburg-Waynesboro,PA,39.7525867,-77.5806467,2.3,0.17,-0.02,0.64,0.52,0.47,-0.21,0.02,0.1,0.42,0.5,-0.12,-0.09,-0.14
Champaign-Urbana,IL,40.1105875,-88.2072697,-3,-2.73,-0.25,-0.01,0.02,-0.06,-0.13,0.25,-0.03,0.11,(D),0.01,(D),-0.78
Charleston,WV,38.4819031,-81.3042658,6.4,5.3,-0.29,0.14,0.34,(D),(D),0.23,1.03,0.09,0.16,(D),-0.04,-0.06
Charleston-North Charleston,SC,32.7789836,-79.8065341,2,-0.05,-0.07,-0.09,0.35,(D),(D),0.14,0.14,0.19,0.65,0.19,0.06,0.04
Charlotte-Concord-Gastonia,NC,35.2606857,-81.1819383,2.1,0,0.01,-0.28,0.09,(D),(D),0.56,-0.25,1.38,0.15,0.13,-0.02,-0.07
Charlottesville,VA,38.0293059,-78.4766781,-0.2,-0.02,-0.14,0.03,0.13,-0.01,-0.05,0.15,-0.37,-0.04,0.04,-0.03,0,0.09
Chattanooga,TN,35.0456297,-85.3096801,-0.9,0.02,-0.21,-0.08,-0.03,0.13,-0.27,0.14,-0.58,-0.1,0.07,(D),(D),-0.06
Cheyenne,WY,41.1478296,-104.8227381,2.2,1.22,-0.28,0.08,0.95,0.11,0.34,0.12,0.67,0.16,0.02,-0.46,-0.35,-0.37
Chicago-Naperville-Elgin,IL,41.7715102,-88.1480598,1.8,-0.08,-0.09,0.11,0.41,(D),0.07,0.06,0.48,0.67,0.1,0.01,0.11,-0.25
Chico,CA,39.7310766,-121.8411665,1,-0.44,-0.01,0.06,-0.06,0.74,-0.09,0.15,0.07,-0.21,0.64,0.08,-0.22,0.32
Cincinnati,OH,39.1011379,-84.5129663,2.5,0.01,0.03,0.24,0.24,0.27,-0.03,-0.08,0.26,1.21,0.34,0.07,0.07,-0.09
Clarksville,TN,36.5297706,-87.3594528,-1.2,-0.38,-0.02,0.12,0.03,0.28,0.06,(D),-0.65,-0.18,0.39,0.04,0.06,-1.09
Cleveland,TN,35.1740145,-84.9017818,2.5,-0.01,0.42,0.8,-0.38,0.55,0.11,-0.01,-0.24,0.39,0.97,0.06,-0.16,-0.03
Cleveland-Elyria,OH,41.4204044,-81.7032744,1.2,0.51,-0.12,0.18,0.05,0.22,-0.13,-0.03,-0.19,0.59,0.03,0.16,-0.02,-0.1
Coeur d'Alene,ID,47.692141,-116.783345,2.8,0.76,0.18,0.28,0.19,0.6,-0.03,-0.05,-0.14,-0.09,0.67,0.22,0.1,0.04
College Station-Bryan,TX,30.8818021,-96.5955056,4,(D),0.53,0.33,0.12,0.67,(D),(D),-0.06,0.25,0.44,(D),(D),0.21
Colorado Springs,CO,38.795577,-104.8472309,2.6,-0.01,0.14,0.35,-0.01,0.23,0,-0.14,1.51,0.15,0.25,0.02,0.07,0.03
Columbia,MO,38.9515971,-92.3307668,1.6,-0.11,-0.12,0.07,0.05,0.4,-0.04,0.22,0.3,0.64,0.21,0.07,0.03,-0.15
Columbia,SC,33.861612,-81.057462,2.1,-0.05,-0.32,0.63,-0.1,(D),0.13,(D),(D),0.17,0.35,0.05,0.09,0.06
Columbus,GA,32.466963,-85.090375,0.3,(D),-0.05,(D),0.01,-0.33,-0.13,(D),(D),-0.18,0.09,-0.02,0.08,-0.49
Columbus,IN,32.4531634,-84.9875864,1.5,-0.32,-0.16,0.55,0.32,0.27,0,0.01,-0.22,0.98,-0.06,0.18,0.07,-0.08
Columbus,OH,39.9928355,-83.0069593,1.9,-0.05,-0.02,-0.06,-0.03,(D),(D),-0.14,0.25,1.06,0.39,0.05,0.18,-0.13
Corpus Christi,TX,27.7804428,-97.3995916,6.5,2.9,0.1,-0.05,1.38,(D),(D),-0.05,0.67,0.25,0.01,0.16,0.12,0.03
Corvallis,OR,44.5645659,-123.2620435,-0.7,-0.3,-0.17,-0.39,0.01,0.25,-0.04,-0.15,-0.4,-0.21,0.23,0.13,0,0.36
Crestview-Fort Walton Beach-Destin,FL,30.4363446,-86.5782817,-0.3,-0.33,-0.1,-0.28,0.16,0.44,-0.16,0.01,0.12,0,0,0.29,0,-0.46
Cumberland,MD,39.6528654,-78.7625185,-0.5,0.09,-0.71,-0.52,-0.04,0.26,0.08,0.26,-1.03,0.03,0.84,0.23,0,0.01
Dallas-Fort Worth-Arlington,TX,32.8651226,-96.778834,8.5,(D),0.1,0.16,3.94,0.49,0.27,(D),(D),0.87,0.29,0.06,0.01,0.04
Dalton,GA,34.9512053,-84.7370329,2.9,0.03,0.26,0.11,1.74,-0.18,0.11,-0.64,-0.37,1.29,0.43,0.08,0.05,-0.04
Danville,IL,40.124481,-87.6300207,-2.8,-3.03,-0.11,0.94,-0.01,0.33,0.09,0.04,-1.17,0.22,0.4,-0.08,0.01,-0.44
Daphne-Fairhope-Foley,AL,30.4066177,-87.7253002,0,-0.15,0.01,0.27,-0.05,1.19,-0.06,0.03,-2.63,0.4,0.66,0.41,-0.07,0
Davenport-Moline-Rock Island,IA,41.5207853,-90.5888389,-2.1,-0.9,-0.02,-0.66,-0.08,-0.59,-0.03,-0.02,0.04,0.48,-0.02,-0.09,0.01,-0.22
Dayton,OH,39.7595342,-84.1919267,0.3,-0.11,0,0.11,-0.16,0.28,0.05,-0.02,-0.28,0.37,0.26,0.06,-0.08,-0.2
Decatur,AL,34.6059253,-86.9833417,-0.6,-0.08,-0.42,0.81,-0.99,0.15,0.14,-0.02,-0.31,0.15,0.15,0,-0.15,0
Decatur,IL,39.8205343,-88.9557696,5.4,-0.73,-0.28,-0.76,7.4,0.15,-0.09,-0.02,-0.12,0.24,-0.07,-0.06,-0.02,-0.22
Deltona-Daytona Beach-Ormond Beach,FL,29.2314463,-81.0269736,2.9,-0.05,0.06,0.65,0.03,0.4,-0.12,-0.05,0.81,0.63,0.25,0.32,0.01,-0.03
Denver-Aurora-Lakewood,CO,39.7240643,-105.0909137,5,1.69,0.34,0.07,0.27,0.53,0.19,0.28,0,0.91,0.34,0.18,(D),0.09
Des Moines-West Des Moines,IA,41.5695663,-93.7102956,2.6,-0.25,0.38,-0.08,0.06,0.15,0.13,-0.04,1.24,0.67,0.24,0.01,0.01,0.05
Detroit-Warren-Dearborn,MI,42.3409031,-83.2982737,2.2,-0.01,0.06,0.46,0.2,(D),(D),0.11,0.19,0.6,0.13,0.06,0.05,-0.04
Dothan,AL,31.2232313,-85.3904888,-0.8,-0.39,-0.61,0.28,-0.23,0.49,-0.73,0.01,0.1,0.02,0.02,0,0.18,0.01
Dover,DE,39.1766765,-75.5027267,1.6,-0.28,0.39,(D),0.24,0.56,0.31,-0.15,0.25,0.22,0.23,0.07,-0.12,-0.43
Dubuque,IA,42.4997999,-90.6641371,0.6,-0.58,-0.12,0.54,-0.01,0.55,0.04,-0.06,-0.04,-0.03,0.25,-0.07,0.12,0.03
Duluth,MN,46.7888932,-92.101573,0.3,-0.79,0.12,0.3,-0.16,0.21,-0.11,-0.18,0.07,0.29,0.33,0.06,0.09,0.1
Durham-Chapel Hill,NC,35.913413,-79.0542202,2.1,-0.02,-0.03,0.11,0.53,0.06,0.02,0.4,0.02,0.93,0.12,0.06,0.03,-0.12
East Stroudsburg,PA,40.9995386,-75.1812913,-3.6,-0.05,-0.27,0.24,-1.28,0,0.07,0.01,-1.41,-0.43,0.11,-0.24,-0.15,-0.18
Eau Claire,WI,44.8017231,-91.5077079,3.4,0.7,0.25,0.29,0.22,0.53,0.29,0.04,0.29,0.2,0.78,-0.02,-0.16,-0.05
El Centro,CA,32.8148688,-115.6743343,1.6,-0.85,0.12,0.05,-0.46,1.36,0.67,0.05,-0.04,-0.26,0.26,0.07,0.05,0.56
Elizabethtown-Fort Knox,KY,37.8988065,-85.9489877,-2.5,-0.05,-0.16,0.32,0.1,0.08,-0.27,-1.41,-0.31,0.17,-0.06,0.12,(D),-0.88
Elkhart-Goshen,IN,41.6913109,-85.9581004,4.5,-0.27,-0.02,2.46,0.92,0.57,0.1,0.01,-0.42,0.98,0.17,0.03,0.07,-0.05
Elmira,NY,42.0897965,-76.8077338,-1.4,-0.13,-0.32,-1,0.08,0.05,-0.12,0.25,-0.52,0.33,-0.15,-0.03,0.11,0.01
El Paso,TX,29.4174994,-98.4987346,0.7,-0.03,0.17,0.08,-0.13,(D),(D),0.03,(D),0.26,0.23,0.11,-0.06,-0.06
Erie,PA,42.1323836,-80.0871166,0.3,-0.02,-0.17,-0.68,0.29,0.08,0.01,0.06,0.7,0.17,0.03,0.01,-0.08,-0.12
Eugene,OR,44.0532446,-123.0926688,1.6,-0.01,0.03,-0.26,-0.01,0.43,0.11,-0.14,0.17,0.46,0.44,0.13,0,0.29
Evansville,IN,37.9715592,-87.5710898,-0.5,-0.62,0.11,0.13,-0.02,(D),(D),-0.09,-0.18,0.15,0.21,-0.04,0.03,-0.08
Fairbanks,AK,64.8377778,-147.7163889,-0.8,-0.2,0.34,0.01,0.36,0.02,-0.16,-0.03,(D),-0.32,0.06,0.11,0,-0.76
Fargo,ND,46.874272,-96.792946,3.9,-0.54,0.23,0.05,0.17,0.62,0.29,0.32,1.31,0.9,0.24,0.18,0.01,0.13
Farmington,NM,36.7646532,-108.1434242,1.4,1.94,-0.35,-0.02,0.03,0.32,-0.46,-0.03,-0.18,0.07,0.15,0.08,-0.02,-0.1
Fayetteville,NC,35.0526641,-78.8783585,-3.2,0.22,-0.46,-0.05,-1.05,-0.04,0.14,-0.1,-0.22,-0.6,0.24,0.01,-0.18,-1.07
Fayetteville-Springdale-Rogers,AR,36.3351878,-94.1461383,3.1,0.05,0.06,-0.03,0.32,0.63,0.08,(D),0.26,1.45,0.19,0.13,(D),-0.13
Flagstaff,AZ,35.1982836,-111.651302,-0.2,-0.06,-0.18,-0.1,-0.35,0.78,-0.88,0,-0.18,0.13,0.56,0.26,-0.01,-0.14
Flint,MI,43.0125274,-83.6874562,-0.4,-0.14,0.08,-0.28,0.02,0.41,0.09,0.95,-2.16,0.23,0.39,-0.03,0.12,-0.08
Florence,SC,34.87107,-82.402989,0.6,-0.17,-0.34,0.2,0.08,0.28,-0.27,0.2,0.04,0.62,0.16,0.05,-0.37,0.08
Florence-Muscle Shoals,AL,34.7610417,-88.0064445,2.7,-0.22,-0.2,0.97,0.12,0.21,0.11,0.04,1.12,0.24,0.36,0.05,-0.09,-0.01
Fond du Lac,WI,43.7745378,-88.4469103,3,1.31,-0.12,-0.27,0.1,0.14,0.23,0.39,1.02,0.08,0.23,0.06,-0.12,-0.05
Fort Collins,CO,40.5665121,-105.1012956,5.9,0.2,0.41,0.96,0.31,0.55,0.32,0.06,1.15,1,0.34,0.3,0.1,0.2
Fort Smith,AR,35.2891009,-94.2893759,1,(D),-0.14,0.06,0.11,0.35,0.25,0.11,-0.86,(D),0.2,0,-0.09,-0.12
Fort Wayne,IN,41.1295365,-85.1770754,0.4,-0.3,-0.14,0.14,0.11,0.28,-0.08,-0.19,0.05,0.16,0.38,0,0.05,-0.09
Fresno,CA,36.8463235,-119.796749,0.5,-1.25,-0.07,0.03,0.01,0.6,-0.1,0.25,0.05,0.03,0.51,0.12,0,0.29
Gadsden,AL,34.0129911,-85.9958659,1.5,-0.11,0,0.41,0.16,0.27,-0.02,-0.07,-0.11,0.36,0.5,0.02,0.11,0
Gainesville,FL,29.6508377,-82.3170554,1.5,-0.03,-0.26,(D),(D),0.33,0.16,(D),0.02,(D),0.58,0.18,(D),-0.07
Gainesville,GA,34.254933,-83.843399,2.1,-0.08,0.01,0.42,0.37,-0.38,0.26,0.09,-0.62,0.82,0.86,0.28,0.12,-0.04
Gettysburg,PA,39.8326496,-77.2235271,2.4,-0.11,-0.26,0.02,1.2,-0.06,0.11,-0.28,0.9,0.8,0.27,-0.18,0.12,-0.12
Glens Falls,NY,43.3157349,-73.623594,0.6,-0.11,-0.57,-0.3,0.16,0.43,0.03,0.15,-0.16,0.28,0.31,0.32,0.02,0.01
Goldsboro,NC,35.3848841,-77.9927651,-1.9,-0.26,-1.94,-0.27,0.82,0.24,-0.07,-0.1,0.34,0.05,-0.16,-0.13,-0.07,-0.42
Grand Forks,ND,47.9228845,-97.033506,2.6,-0.92,0.18,0.59,-0.15,0.67,0.25,-0.05,0.85,0.25,0.4,0.1,0.13,0.27
Grand Island,NE,40.9263957,-98.3420118,-1.3,-2.38,0.02,-0.27,0.51,0.34,0.05,(D),0.22,0.17,0.09,0.03,(D),0.03
Grand Junction,CO,39.0700642,-108.4779567,1.2,0.97,0.07,0.13,0.08,0.37,-0.6,-0.19,0.75,0.01,-0.46,0.07,-0.08,0.13
Grand Rapids-Wyoming,MI,42.9704446,-85.6676674,4.5,-0.09,0.03,0.6,0.91,0.63,0.33,0,0.64,0.81,0.52,0.07,0.12,-0.05
Grants Pass,OR,42.4402017,-123.3293338,5.4,-0.11,-0.13,1.44,0.09,0.3,0.58,0.03,0.99,0.48,1.01,0.25,0.24,0.23
Great Falls,MT,47.5016229,-111.3061042,2.3,-0.33,0.63,0.19,1.36,0.08,0.04,-0.48,-0.14,0.6,0.83,0.16,-0.46,-0.21
Greeley,CO,40.4339288,-104.6925295,9.9,3.65,1.28,0.55,-0.08,1.05,1.1,-0.05,0.77,0.74,0.32,0.18,0.24,0.12
Green Bay,WI,44.519159,-88.019826,-0.3,0.13,-0.08,0.21,0,0.4,-1.56,(D),0.13,0.49,0.18,-0.27,(D),-0.04
Greensboro-High Point,NC,35.9806749,-79.9792366,2.9,0.02,-0.09,1.2,-0.84,0.15,0.15,-0.02,2.26,0.26,-0.1,-0.01,-0.03,-0.08
Greenville,NC,35.6121597,-77.3959359,1.6,-0.08,0.01,-0.07,0,0.65,0.01,0.04,0.78,0.28,0.16,-0.04,0.11,-0.26
Greenville-Anderson-Mauldin,SC,34.7163191,-82.791358,3.1,0.08,0.84,1.33,-0.2,0.39,-0.03,-0.08,0.34,0.25,0.32,0.12,-0.27,0.07
Gulfport-Biloxi-Pascagoula,MS,30.4684444,-88.9152828,-2.4,-0.01,-1.67,0.4,1.13,0.02,-0.19,-0.03,-1.41,-0.03,0.07,-0.11,-0.18,-0.41
Hagerstown-Martinsburg,MD,39.5723991,-77.9261115,1.1,0.57,-0.42,0.22,0.21,-0.03,0.13,0.07,-0.05,0.45,0.16,-0.09,-0.01,-0.08
Hammond,LA,30.4956185,-90.4622085,2.8,0.22,-0.6,-0.02,1.07,0.56,0.1,0.19,1.47,0.24,0.03,0.14,0.13,-0.76
Hanford-Corcoran,CA,36.3214463,-119.6444329,0.2,-1.79,-0.11,-0.01,0.78,0.56,0.13,0.09,-0.13,0.16,0.07,0.01,0.17,0.26
Harrisburg-Carlisle,PA,40.2275655,-76.8665116,0.4,0,-0.27,0.2,0.18,0.08,0.17,-0.09,-0.92,0.75,0.47,-0.03,0.03,-0.18
Harrisonburg,VA,38.4495688,-78.8689155,-1.7,-0.2,-0.24,-0.07,-0.97,(D),(D),0.17,-0.12,-0.06,-0.02,-0.05,-0.01,0.04
Hartford-West Hartford-East Hartford,CT,41.952965,-72.788213,0.6,0,-0.04,-0.75,-0.12,0.19,-0.06,0.18,-0.29,1.18,0.24,0.04,0.01,0.05
Hattiesburg,MS,31.3271189,-89.2903392,-0.5,-0.28,-0.06,0.44,-0.17,0.28,-0.15,-0.01,-1.03,0.44,0.43,-0.06,-0.07,-0.28
Hickory-Lenoir-Morganton,NC,35.741527,-81.337262,0.7,0.01,-0.21,0.11,0.19,0.28,0.06,-0.08,-0.03,0.2,0.21,0.05,0.02,-0.12
Hilton Head Island-Bluffton-Beaufort,SC,32.214827,-80.851328,1.8,0.05,-0.01,-0.04,0,0.77,0.06,-0.17,0.2,0.46,0.27,0.35,-0.04,-0.09
Hinesville,GA,31.846877,-81.5959453,-0.6,(D),(D),0.17,0.62,0.18,0.07,0.07,-0.11,-0.16,0.15,-0.05,-0.07,-1.4
Homosassa Springs,FL,28.8037059,-82.5761369,-7.5,-0.25,-0.09,(D),(D),0.9,-7.39,-0.18,0.18,-0.49,-0.4,-0.05,0.04,-0.03
Hot Springs,AR,34.5037004,-93.0551795,-0.8,-0.13,-0.58,-0.1,-0.13,0.35,0.07,0.18,-0.26,-0.27,0.19,0.02,0.06,-0.15
Houma-Thibodaux,LA,29.7932776,-90.8218815,-1.8,-1.13,-0.37,0.38,0.33,0.2,-1.71,-0.02,0.26,0.1,0.33,0.11,0.03,-0.27
Houston-The Woodlands-Sugar Land,TX,29.6834997,-95.1001456,1.8,0.22,0.09,0.15,-1.26,0.84,-0.03,0.02,0.23,1.1,0.14,0.1,0.11,0.04
Huntington-Ashland,WV,38.4191169,-82.4284084,2.7,0.36,-0.09,(D),(D),-0.07,-0.24,-0.06,-0.54,(D),0.11,(D),0.06,-0.1
Huntsville,AL,34.7199895,-86.5792427,1.5,-0.03,0.03,0.69,0.07,0.18,0.04,0,0.04,0.35,0.22,0,0.04,-0.09
Idaho Falls,ID,43.4960363,-112.0286365,2,(D),-0.16,(D),(D),0.55,0.23,0.05,-0.61,-0.15,0.33,0.1,0.08,0
Indianapolis-Carmel-Anderson,IN,40.0286729,-86.0675107,0.9,-0.2,-0.38,0.08,0.49,0.29,-0.19,0.04,(D),0.28,0,-0.01,(D),-0.09
Iowa City,IA,41.4628682,-91.8375442,0.8,-0.58,-0.11,0.05,-0.47,-0.11,-0.23,0.16,1.42,0.17,0.17,0.09,0.04,0.21
Ithaca,NY,42.4439614,-76.5018807,-1.2,0.11,-0.19,0.27,0.13,-0.17,-0.09,0.07,-0.41,0.37,-1.56,0.08,0.17,0.01
Jackson,MI,42.2390881,-84.4160226,2,-0.14,0.09,0.3,0.48,1,-0.28,0.02,0.07,0.15,0.32,0.03,0,-0.07
Jackson,MS,32.2088423,-89.9673143,0.1,-0.58,0.03,0.04,0.03,-0.03,-0.03,0.27,0.64,-0.07,0.03,-0.03,-0.03,-0.19
Jackson,TN,35.6145169,-88.8139469,-0.2,-0.28,0.28,-0.13,0.05,-0.06,(D),(D),-0.22,(D),-0.04,0.01,-0.02,-0.04
Jacksonville,FL,30.3659072,-81.5945895,2.9,-0.07,0.13,0.07,-0.06,-0.08,0.46,0.24,0.73,0.73,0.38,0.26,0.19,-0.09
Jacksonville,NC,34.7540524,-77.4302414,-2.5,-0.11,-0.25,-0.06,0.01,0.03,-0.06,-0.02,-0.34,-0.15,-0.02,0.05,0.06,-1.64
Janesville-Beloit,WI,42.496418,-89.0365355,0.2,0.8,-0.62,0.58,0.03,0.15,0.17,0.69,0.83,-1.28,-1.03,-0.05,-0.03,-0.06
Jefferson City,MO,38.5767017,-92.1735164,-1.9,-0.42,-0.32,0.37,-0.46,0.2,-0.81,-0.58,-0.22,0.3,0.06,0,0.07,-0.13
Johnson City,TN,36.3698796,-82.2945753,0.4,0,-0.51,0.21,0.2,0.31,0,0.28,0.5,-0.21,0.02,-0.12,-0.19,-0.07
Johnstown,PA,40.3267407,-78.9219698,-1.7,-1.28,-0.11,0.25,-0.07,0.05,-0.48,0.01,0.03,0.16,0.01,-0.07,-0.09,-0.14
Jonesboro,AR,35.8422967,-90.704279,-0.6,-0.17,-0.12,0.42,-0.3,0.57,0.01,0.16,-1.46,-0.33,0.84,0.01,-0.07,-0.17
Joplin,MO,37.0842271,-94.513281,-0.9,-0.34,0.03,0.02,-0.16,(D),(D),0.03,-0.04,0.32,-0.02,0.01,-0.1,-0.05
Kahului-Wailuku-Lahaina,HI,20.8896639,-156.6585253,-2.1,-0.28,-0.47,-0.01,-0.06,-0.04,-0.24,-0.02,-0.51,-0.06,-0.03,-0.61,-0.06,0.27
Kalamazoo-Portage,MI,42.128628,-85.5884615,0.5,-0.16,0.06,0.45,-0.31,0.34,-0.08,0.12,-0.02,0.4,-0.15,-0.03,0,-0.07
Kankakee,IL,41.1182743,-87.9606891,0,-0.83,-0.15,0.2,0.35,0.09,0.24,-0.03,0.22,0.02,0.04,0.06,0.01,-0.22
Kansas City,MO,38.627705,-94.604189,2,-0.06,0,0.1,-0.07,0.59,0.07,0.16,0.22,0.81,0.18,0.04,0.02,-0.09
Kennewick-Richland,WA,46.208135,-119.138601,0.1,-0.64,-0.25,0.1,-0.42,0.4,0.19,-0.03,-0.06,0.06,0.47,0.07,0.08,0.12
Killeen-Temple,TX,31.0971922,-97.3431767,0.3,-0.02,0.44,0.11,-0.01,0.61,-0.15,-0.3,-0.02,-0.19,0.21,0.07,-0.09,-0.36
Kingsport-Bristol-Bristol,TN,36.6043724,-82.1617885,-2,-0.04,-0.23,-0.42,-0.43,-0.45,0.29,0.12,-0.98,0.21,-0.03,-0.03,0.01,-0.01
Kingston,NY,41.9266579,-73.9829943,0.2,-0.1,0.41,-0.13,0.05,(D),(D),-0.13,-0.64,0.07,0.26,-0.19,-0.12,0.01
Knoxville,TN,36.0757417,-83.952088,1,0.02,-0.15,0.08,0.08,0.25,0.11,0.4,(D),0.46,0.26,0.01,(D),-0.04
Kokomo,IN,40.486427,-86.1336033,-0.3,-0.27,0,-0.55,0.02,0.01,-0.23,0.01,-0.19,0.36,0.66,-0.1,0.02,-0.08
La Crosse-Onalaska,WI,43.949552,-91.246366,0.3,-0.06,-0.03,-0.37,0.08,0.62,0.28,-0.08,-0.43,0.08,0.11,0.03,0.11,-0.04
Lafayette,LA,30.2240897,-92.0198427,-3.4,-3.88,-0.14,0.47,0.15,0.58,-0.38,0.04,-0.64,0.41,0.15,0.03,0.04,-0.26
Lafayette-West Lafayette,IN,30.170216,-92.0684552,1.6,-0.37,0.02,1.26,-0.01,0.1,0.13,-0.12,0.58,0.39,-0.2,0.05,(D),-0.2
Lake Charles,LA,30.2332007,-93.0136301,10.3,-0.3,3.76,(D),(D),0.32,-0.34,0,-0.81,0.31,0.27,0.12,(D),-0.28
Lake Havasu City-Kingman,AZ,34.474063,-114.3441143,1.5,0.19,-0.41,0,0.17,0.43,-0.16,0.18,0.04,0.24,0.48,0.1,0.34,-0.08
Lakeland-Winter Haven,FL,28.0435001,-81.6305953,-0.8,-1.21,0.02,0.38,-0.05,0.36,0.39,0.09,-1.6,0.13,0.32,0.25,0.15,-0.02
Lancaster,PA,40.0081859,-75.2912277,2.1,-0.16,-0.28,0.09,0.18,0.71,0.14,0.16,0.37,0.42,0.32,0.07,0.11,-0.07
Lansing-East Lansing,MI,42.767184,-84.9951314,1.7,-0.06,-0.02,-0.27,-0.02,0.14,0.19,-0.81,2.48,0.25,-0.12,0.01,0.04,-0.13
Laredo,TX,28.8198693,-97.8462571,3.7,2.97,-0.19,0.03,-0.04,0.28,-0.23,0.12,0.01,0.18,0.16,0.19,0.11,0.13
Las Cruces,NM,32.2706148,-106.7359624,0.7,0.06,-0.49,0.03,-0.09,0.07,-0.06,-0.14,1.29,0.09,0.35,-0.16,0.08,-0.31
Las Vegas-Henderson-Paradise,NV,36.0318813,-115.0972814,2,0.03,0.15,0.02,0.03,0.52,-0.07,0.13,0.43,0.28,0.25,0.23,0.05,-0.06
Lawrence,KS,39.0459645,-95.2195762,1,-0.21,-0.14,0.14,-0.04,-0.44,-0.12,-0.21,1,0.78,-0.08,0.24,0.32,-0.23
Lawton,OK,34.6035669,-98.3959291,-1.5,(D),-0.29,0.03,-0.15,0.3,(D),0.1,-1.16,0.4,-0.13,(D),-0.02,-0.59
Lebanon,PA,40.3409251,-76.4113497,-0.6,0.16,-0.08,-0.04,-0.41,-1.86,1.13,0.01,-0.02,0.35,0.31,0.01,-0.04,-0.14
Lewiston,ID,46.40296,-117.030899,2.2,0.27,-0.16,1.32,0.2,0.28,(D),-0.02,0.34,(D),0.09,0.15,0.11,0.06
Lewiston-Auburn,ME,44.0875654,-70.2238319,-0.3,-0.03,-0.51,-0.03,-0.18,(D),(D),-0.29,-2.87,1.86,0.83,0.01,0.02,-0.04
Lexington-Fayette,KY,37.991807,-84.1778624,0,-0.01,0.1,0.53,0.13,0.17,0.08,0.11,-1.55,0.43,0.14,0.07,0.01,-0.22
Lima,OH,40.7155003,-84.1053954,4.5,-0.09,-0.09,-0.06,5.28,-0.04,0.09,-0.05,-0.08,0.09,-0.44,-0.08,0,-0.08
Lincoln,NE,40.5810117,-74.1120165,0.8,-0.19,0,0.37,-0.32,0.24,-0.07,0.09,0.08,0.11,0.2,0.17,0.05,0.05
Little Rock-North Little Rock-Conway,AR,35.0842885,-92.4215416,-0.7,-0.14,-0.26,-0.04,-0.04,0.11,-0.27,-0.1,-0.08,0.15,0.09,0.03,0.06,-0.27
Logan,UT,41.6343825,-111.8664057,3,0.53,-0.12,0.66,0.13,0.42,-0.03,(D),0.56,(D),0.26,0.18,0.01,0.07
Longview,TX,32.5024114,-94.7325405,3.3,2.13,-0.07,0.08,0.2,0.07,0.24,0.11,0.4,0.24,-0.01,-0.01,-0.12,0.04
Longview,WA,46.1297873,-122.9246643,3.6,0.18,0.45,0.21,-0.24,1.19,0.25,-0.13,1.03,0.39,0.02,0.23,-0.09,0.09
Los Angeles-Long Beach-Anaheim,CA,34.0727308,-118.3722409,2.3,-0.13,-0.07,0.17,0.21,0.36,-0.05,0.07,0.4,0.64,0.19,0.25,0.05,0.16
Louisville/Jefferson County,KY,38.2289975,-85.6873419,2.4,(D),0.14,(D),0.17,0.2,0.17,0.15,0.94,0.31,0.07,0.19,(D),-0.13
Lubbock,TX,33.5899001,-101.8261136,2.8,0.94,-0.13,0.05,-0.05,0.73,0.16,-0.23,0.45,(D),(D),0.09,0.05,0.13
Lynchburg,VA,37.4137536,-79.1422464,-1.1,0.01,-0.43,0.12,-0.47,(D),(D),0.03,(D),(D),-0.01,0,0,0.03
Macon,GA,32.8325029,-83.6347879,1.8,0.11,-0.23,-0.13,0.2,(D),0.17,0.33,-0.11,1.04,0.04,(D),0.14,-0.06
Madera,CA,36.9613356,-120.0607176,-1,-2.54,0,0.18,0.45,0.27,0.29,0.1,-0.29,-0.11,0.12,0.11,0.11,0.31
Madison,WI,43.0928628,-89.3603597,0.1,0.13,-0.11,0.18,-0.23,0.24,0.09,0.52,-1.59,1.53,-0.69,0.06,0.02,-0.06
Manchester-Nashua,NH,42.7668585,-71.4672852,2.9,0.01,-0.01,0.4,0.08,0.36,-0.09,1.2,-0.31,0.88,0.32,0.1,-0.02,-0.02
Manhattan,KS,39.4414488,-96.5059047,0.2,(D),-0.34,0.21,0.29,0.45,(D),-0.2,-0.14,0.77,-0.07,0.05,0.17,-0.24
Mankato-North Mankato,MN,44.4153337,-94.2508636,0.4,-0.79,0.01,-0.09,0.13,(D),(D),0.19,-0.18,0.26,0.5,-0.03,0.04,0.11
Mansfield,OH,40.4002941,-82.4853789,1,-0.1,0.23,0.61,-0.43,0.48,0.17,-0.25,-0.09,0.41,0.06,0.03,0.03,-0.14
McAllen-Edinburg-Mission,TX,26.2187847,-98.3710765,2.5,0.13,0,0.16,-0.09,1.06,0.12,0.19,0.12,0.09,0.36,0.11,0.1,0.14
Medford,OR,42.3291568,-122.8765399,3.3,0.06,-0.02,0.12,0.07,0.41,0.22,-0.22,1.02,0.33,0.87,0.18,0.03,0.24
Memphis,TN,35.1436944,-90.0473739,0.4,-0.12,-0.01,(D),(D),0.21,-0.33,0.01,0.26,0.25,0.07,0.11,0.01,-0.06
Merced,CA,37.3021632,-120.4829677,-1,-1.77,0,0.06,0.96,(D),(D),-0.05,-0.43,-0.13,0.15,0.14,0.05,0.35
Miami-Fort Lauderdale-West Palm Beach,FL,26.6789966,-80.1428276,3,-0.07,0.2,0.08,0.04,0.36,-0.06,0.16,1.1,0.79,0.3,0.1,0.09,-0.03
Michigan City-La Porte,IN,41.7075394,-86.8950297,-1.6,-0.71,-0.37,-0.51,0.84,(D),(D),-0.04,-0.6,0.23,-0.35,-0.11,0.1,-0.13
Midland,MI,43.5740652,-84.3455084,4.4,0.02,-0.13,0.16,-1.37,-0.02,0.26,-0.09,0.1,4.56,0.8,0.15,0.06,-0.04
Midland,TX,31.9951684,-102.0912807,24.1,(D),0.07,(D),0.25,1.04,0.15,-0.04,0.31,(D),-0.03,0.17,(D),0.02
Milwaukee-Waukesha-West Allis,WI,43.1462027,-87.9242055,0.8,0.08,0.07,-0.11,-0.02,0.04,-0.13,0.07,0.33,0.34,0.02,0.12,0.01,-0.03
Minneapolis-St. Paul-Bloomington,MN,44.9770115,-93.308351,2,0,0.05,0.36,0.4,0.37,-0.09,0.05,-0.47,0.81,0.31,0.06,0.05,0.07
Missoula,MT,46.8769801,-113.8855519,1.1,(D),0.04,0.05,0.08,0.66,-0.2,(D),-0.03,0.59,0.23,-0.06,0.15,0
Mobile,AL,33.8168163,-84.388139,0,2.27,1.18,7.42,-0.63,1.96,-4.65,-0.01,-13.64,1.16,3.92,0.5,0.66,-0.16
Modesto,CA,37.6392718,-120.9994855,1.1,-0.79,-0.11,0.02,0.33,0.23,0.09,0.01,-0.09,0.33,0.58,0.18,0.13,0.24
Monroe,LA,32.8209128,-92.6347353,2.8,(D),0.14,(D),(D),0.13,-0.33,1.04,2.4,-0.12,0.8,0.21,0.09,-0.48
Monroe,MI,41.9156949,-83.3982055,0.1,-0.01,0.72,-0.49,0.31,(D),(D),0,-0.55,0.38,-0.11,-0.12,0.14,-0.04
Montgomery,AL,32.3668052,-86.2999689,-1.8,-0.05,-0.42,0.11,0,-0.16,-0.04,0.03,-1.11,-0.1,-0.05,0.02,0,-0.05
Morgantown,WV,39.6400415,-79.9590339,4.9,2.26,-0.02,0.05,0.24,1.31,0.17,0.02,0.02,0.51,0.31,0.08,0.02,-0.09
Morristown,TN,36.2152786,-83.3043654,0.7,0.16,-0.09,0.12,0.66,-0.19,0.18,0.01,-0.09,0,-0.05,0.08,-0.03,-0.03
Mount Vernon-Anacortes,WA,48.6454559,-122.2159416,5.9,-0.42,0.29,0.27,4.79,0.24,0.05,0.02,-0.21,0.39,0.37,0.02,-0.06,0.13
Muncie,IN,40.1933767,-85.3863599,-0.9,-0.52,-0.07,0.03,-0.07,0.36,0.09,-0.03,-0.32,0.38,-0.49,-0.02,-0.04,-0.2
Muskegon,MI,43.2386972,-86.2532957,1.5,-0.12,-0.24,0.23,-0.15,0.65,-0.18,0.07,0,0.46,0.77,0.05,0.04,-0.07
Myrtle Beach-Conway-North Myrtle Beach,SC,33.617278,-78.979039,0.5,0.08,-0.23,0.09,0,0.03,0.14,-0.03,-0.11,0.5,0.57,-0.63,0.12,0.02
Napa,CA,38.2869869,-122.243591,4,-0.52,0.79,0.14,1.33,-0.01,-0.01,0.07,1.44,0.03,0.22,0.3,0.02,0.22
Naples-Immokalee-Marco Island,FL,26.2736143,-81.6515499,5.6,-0.47,0.77,0.18,-0.02,0.99,0.08,0.06,3.84,-0.5,0.05,0.48,0.16,-0.02
Nashville-Davidson--Murfreesboro--Franklin,TN,35.9273487,-86.8657236,3.6,0.1,0.03,(D),(D),0.53,0.12,0.14,0.74,0.91,0.53,0.27,0.13,-0.03
New Bern,NC,35.108493,-77.0441143,-1.1,-0.26,-0.19,-0.22,-0.1,0.23,-0.02,-0.04,(D),0.37,0.01,-0.02,(D),-0.69
New Haven-Milford,CT,41.2223798,-73.0566909,0.3,0.01,-0.08,-0.43,-0.37,0.22,0.02,-0.24,-0.4,1.3,0.19,0,-0.03,0.06
New Orleans-Metairie,LA,30.4729321,-90.0369127,1.7,-0.43,-0.33,-0.12,2.74,0.16,-0.41,-0.21,-0.18,(D),0.37,0.15,(D),-0.35
New York-Newark-Jersey City,NY,40.8841688,-72.4235684,2.4,(D),(D),-0.02,(D),0.24,(D),0.32,1.11,(D),0.16,0.16,0.02,0
Niles-Benton Harbor,MI,42.1866917,-86.2606844,1.1,-0.35,-0.09,0.59,0.27,0.98,-0.18,0.09,-0.86,0.4,0.01,0.23,0.03,-0.06
North Port-Sarasota-Bradenton,FL,27.0662929,-82.1082876,3.7,-0.25,0.45,0.1,-0.04,0.71,0.19,0.14,0.28,1.02,0.52,0.37,0.17,-0.02
Norwich-New London,CT,41.534914,-72.0545738,0.7,0.01,0.04,0.33,-0.11,0.14,0.61,-0.14,-0.32,0.02,-0.04,-0.03,0.07,0.14
Ocala,FL,29.181889,-82.1370015,3.6,-0.11,0.1,0.16,-0.19,0.13,0.19,0.04,-0.16,0.64,2.46,0.26,0.09,-0.03
Ocean City,NJ,39.2776156,-74.5746001,-2.4,(D),-0.12,0.01,0.24,0.15,-0.06,-0.25,-2.62,0.07,0.08,0.23,-0.02,-0.08
Odessa,TX,31.8465734,-102.3683865,6.3,0.74,0.15,0.54,-0.37,0.38,0.87,-0.02,2.34,0.57,0.33,0.41,0.31,0.05
Ogden-Clearfield,UT,41.1000581,-112.0326776,3.9,(D),0.33,0.53,1.15,0.34,(D),-0.04,0.95,0.06,0.36,0.06,(D),-0.03
Oklahoma City,OK,35.473621,-97.512516,2.6,0.63,-0.15,0.15,0.47,0.29,0.86,0.14,-0.39,0.23,0.26,0.09,0.05,-0.07
Olympia-Tumwater,WA,46.9819584,-122.9075565,1,-0.03,0.13,-0.04,-0.01,0.11,-0.07,0.09,-0.06,0.31,0.3,-0.03,0.08,0.25
Omaha-Council Bluffs,NE,41.4749249,-96.2016186,2.4,-0.22,0.01,0.15,-0.03,0.3,1.36,(D),0.18,0.74,-0.16,0.01,(D),0.01
Orlando-Kissimmee-Sanford,FL,28.5383355,-81.3792365,3.4,-0.04,0.16,0.13,0.01,0.83,0.11,0.24,0.52,0.52,0.35,0.48,0.09,-0.02
Oshkosh-Neenah,WI,44.1102356,-88.712504,-0.1,-0.02,-0.04,-0.83,0.45,0.13,0.08,-0.06,0,0.27,-0.01,0,-0.04,-0.04
Owensboro,KY,37.7719074,-87.1111676,-1.4,-0.5,-0.35,0.22,0,0.09,-0.27,0.05,-0.82,-0.12,0.32,-0.06,0.19,-0.18
Oxnard-Thousand Oaks-Ventura,CA,34.2778,-118.7106375,0.5,-1.09,0.04,0.06,0.01,0.27,-0.13,0.17,0.76,0,0.21,0.06,0.03,0.15
Palm Bay-Melbourne-Titusville,FL,28.1281838,-80.6644859,1,0.02,0.15,1.01,-0.15,0.86,-0.75,0.77,-0.09,-0.95,-0.04,0.1,0.18,-0.07
Panama City,FL,30.1606294,-85.6602988,4.7,0.01,-0.19,0.06,0.21,0.55,-0.31,-0.12,3.46,0.58,(D),(D),0.02,-0.17
Parkersburg-Vienna,WV,39.3237687,-81.5538116,1.1,(D),(D),-0.27,(D),0.34,0.01,-0.08,0.9,0.78,-0.16,-0.01,0.04,-0.12
Pensacola-Ferry Pass-Brent,FL,30.4082401,-87.2684309,2.3,0.05,-0.18,0.09,0.01,0.28,-0.14,0.42,1.58,0.15,0.13,0.12,0.14,-0.31
Peoria,IL,40.6936488,-89.5889864,-1.2,-0.87,-0.04,0.52,0.25,(D),(D),0.03,-0.07,-0.47,-0.02,0,0,-0.22
Philadelphia-Camden-Wilmington,PA,39.5206974,-75.9787351,1.1,-0.01,-0.14,0.02,0.2,0.29,0.03,-0.11,0,0.55,0.3,0.04,0.03,-0.08
Phoenix-Mesa-Scottsdale,AZ,33.6361337,-112.1693248,1.8,-0.03,-0.26,0.15,0.04,0.43,-0.11,0.23,0.38,0.54,0.28,0.14,0.05,-0.06
Pine Bluff,AR,34.2284312,-92.0031955,-3,-0.96,-0.56,0.52,0.14,-0.78,-0.7,-0.01,-0.15,0.08,-0.31,0.04,0,-0.34
Pittsburgh,PA,40.445231,-79.9990561,2.9,1.4,-0.11,0.01,0.16,-0.03,0.07,0.16,0.93,0.21,0.09,0.13,-0.02,-0.08
Pittsfield,MA,42.4477299,-73.2483599,0.2,0.03,-0.06,0.27,-0.45,-0.05,0.05,0.03,0.02,-0.06,0.17,0.08,0.06,0.12
Pocatello,ID,42.8333549,-112.4017993,1.5,0.22,-0.27,-0.39,0.22,0.04,-0.07,0.07,0.86,0.4,0.41,0.03,-0.04,0.04
Portland-South Portland,ME,43.658615,-70.2613503,0,0.01,-0.11,-0.05,-0.18,0.38,0.02,0.01,-0.84,0.6,0.16,0.1,0.04,-0.1
Portland-Vancouver-Hillsboro,OR,45.5226526,-122.9861318,4.3,0.04,0.01,1.91,0.02,0.25,0.09,(D),0.44,1.08,0.22,0.06,(D),0.14
Port St. Lucie,FL,27.322511,-80.309102,1.1,-0.41,0.14,0.3,-0.09,0.59,-0.82,0.06,-0.21,0.69,0.61,0.11,0.16,-0.03
Prescott,AZ,34.5541253,-112.4710412,2.4,0.12,0.32,0.08,0,0.76,-0.06,-0.1,0.23,0.44,0.52,0.15,-0.02,-0.1
Providence-Warwick,RI,41.7074551,-71.5224611,1.5,0,-0.14,0.18,0.08,0.29,-0.03,0.08,0.09,0.77,0.16,0.11,0.04,-0.11
Provo-Orem,UT,40.2755205,-111.6874164,3.6,0.11,0.64,0.33,0.39,-0.14,0.03,1.03,-0.31,0.69,0.51,0.16,0.12,0.03
Pueblo,CO,38.2679268,-104.6070205,3.1,0.1,-0.07,0.58,0.01,0.62,0.39,-0.19,0.18,0.97,0.41,-0.06,-0.01,0.2
Punta Gorda,FL,26.8669803,-82.0004788,1.6,-0.32,0.55,-0.01,-0.04,0.21,0.08,0.04,1.05,0.08,0.41,-0.05,-0.38,-0.03
Racine,WI,42.7261309,-87.7828523,-1.4,0.11,0.15,0.3,-0.06,0.32,-0.08,-0.02,-2.07,-0.16,0.03,0.09,0.07,-0.05
Raleigh,NC,35.18287,-79.451823,2.6,0.07,-0.02,0.22,0.07,0.68,0.63,0,-0.04,0.8,0.17,0.08,0.02,-0.1
Rapid City,SD,44.0759039,-103.21885,1.3,-0.14,0,0.2,-0.07,0.59,0.04,0.06,0.01,0.29,0.24,-0.04,0.02,0.12
Reading,PA,40.3341335,-75.9404796,1.9,-0.14,0.04,0.15,0.04,0.35,0.28,0.02,0.29,0.69,0.3,0.01,0,-0.11
Redding,CA,40.4832865,-122.3250669,1.9,0.1,-0.52,0.05,-0.03,0.09,-0.09,0.23,0.69,0.59,0.39,0.05,-0.05,0.34
Reno,NV,39.5298937,-119.8143372,1.4,-0.41,0.33,-0.16,0.15,(D),0.29,0.09,(D),0.44,0.26,0.05,-0.02,-0.04
Richmond,VA,37.542981,-77.4433302,1.6,0.01,-0.12,(D),(D),0.31,0.09,0.03,0.93,0.28,0.38,-0.01,0.06,0.01
Riverside-San Bernardino-Ontario,CA,34.3737541,-117.6083484,2.9,-0.12,0.15,0.28,0.07,0.64,0.32,0.02,0.05,0.3,0.49,0.23,0.14,0.29
Roanoke,VA,37.1308,-80.4072,1.3,0.01,-0.12,-0.18,-0.18,0.37,0.11,-0.05,1.1,0.02,0.26,-0.09,0.04,0.02
Rochester,MN,44.0170544,-92.4632941,0.6,-0.2,-0.04,-0.71,-0.03,-0.37,-0.03,0.37,-0.26,0.18,1.41,0.1,0.08,0.07
Rochester,NY,43.16103,-77.6109219,-1,-0.01,-0.2,-0.23,-1.15,0.2,0.13,0.19,-0.5,0.33,0.27,-0.04,-0.01,0.01
Rockford,IL,42.2660265,-89.0796603,1,-0.3,0.05,-0.19,0.2,(D),(D),0.11,0.97,0.17,0.01,0.07,0.02,-0.26
Rocky Mount,NC,35.9382103,-77.7905339,-3.2,-0.12,-0.24,0.05,-2.15,-0.42,0.26,-0.2,-0.23,0.22,-0.16,0.03,-0.09,-0.11
Rome,GA,34.243149,-85.1662679,0.8,0,-0.03,-0.07,0.09,1.1,0.07,-0.09,-0.32,0.09,-0.15,0.12,0,-0.05
Sacramento--Roseville--Arden-Arcade,CA,38.897083,-121.2843124,0.9,-0.01,-0.11,0.3,0.07,-0.12,0.04,-0.29,-0.55,0.66,0.3,0.1,0.06,0.46
Saginaw,MI,43.6675215,-84.3685182,0,-0.19,0,-0.74,-0.03,0.63,0.57,-0.15,-1.27,0.86,-0.2,0.02,0.61,-0.12
St. Cloud,MN,45.5615646,-94.1569554,1.4,(D),0.35,0.06,0.14,0.47,0.22,-0.33,0.01,-0.04,0.71,(D),0.03,0.1
St. George,UT,37.1099629,-113.5835409,4,0.2,0.79,0.12,0.28,0.55,0.5,0.09,0.17,0.28,0.62,0.33,0.08,0.03
St. Joseph,MO,39.7679093,-94.8516753,1.7,0.51,0.03,(D),(D),(D),(D),0.09,-0.41,0.38,0.1,-0.02,0.04,-0.06
St. Louis,MO,38.6259609,-90.1922501,1.7,-0.09,-0.13,0.12,0.29,(D),(D),0.05,0.27,0.88,(D),0.04,-0.02,-0.13
Salem,OR,44.9413667,-123.0589501,2.4,-0.06,0.35,0.12,-0.12,0.59,0.12,-0.01,-0.39,0.49,0.66,0.1,0.01,0.49
Salinas,CA,36.679758,-121.651685,0.6,-0.92,0,0.07,0.16,0.02,-0.32,-0.17,0.29,0.58,0.24,0.36,0,0.24
Salisbury,MD,38.45536,-75.580546,0.5,-0.35,-0.11,(D),(D),0.18,0.59,0.07,-1.02,0.34,0.48,0.12,0.06,-0.04
Salt Lake City,UT,40.7736375,-111.8911871,2.2,0.02,-0.13,0.05,0.26,(D),(D),0.28,0.27,(D),0.01,0.1,0.08,0.05
San Angelo,TX,31.4682162,-100.4396072,11.4,(D),0.06,1.85,0.12,(D),(D),(D),0.36,1.09,0.18,0.16,0.23,-0.01
San Antonio-New Braunfels,TX,29.4194261,-98.4612798,3.8,0.93,0.07,0.11,-0.32,0.66,0.42,0.03,0.88,0.41,0.41,(D),0,0.02
San Diego-Carlsbad,CA,32.7425749,-117.1616513,1.4,-0.02,-0.04,0.3,0.57,0.34,-0.4,0.11,-0.64,0.56,0.21,0.2,0.07,0.14
San Francisco-Oakland-Hayward,CA,37.6755259,-122.0877505,5.2,-0.23,0.01,0.2,0.1,0.52,-0.04,1.21,0.83,2.05,0.16,0.16,0.03,0.17
San Jose-Sunnyvale-Santa Clara,CA,36.8503684,-121.399119,6.7,-0.01,-0.01,2.28,0.09,0.25,0.05,1.27,0.57,1.66,0.32,0.14,0.02,0.09
San Luis Obispo-Paso Robles-Arroyo Grande,CA,35.1221643,-120.6336722,2.5,-0.3,-0.2,0.02,0.82,0.46,-0.39,0.22,0.42,0.54,0.3,0.26,0.11,0.27
Santa Cruz-Watsonville,CA,36.9324068,-121.8141094,1.6,-0.32,0.03,0.24,-0.36,0.57,-0.05,0.19,0.32,-0.24,0.4,0.26,0.26,0.28
Santa Fe,NM,35.6869752,-105.937799,-2.5,0.45,-0.77,0,-0.02,-0.18,0.01,-1.08,-0.78,-0.34,0.25,0.04,0.07,-0.11
Santa Rosa,CA,38.436138,-122.722411,3.3,-0.24,-0.06,-0.11,0.78,1.03,0.09,0.18,0.43,0.5,0.38,0.21,-0.03,0.18
Savannah,GA,32.004568,-80.8434429,3.7,-0.01,-0.04,1.26,0.46,0.55,0.21,0.17,0.41,0.5,0.17,0.3,-0.08,-0.15
Scranton--Wilkes-Barre--Hazleton,PA,40.9648586,-75.9725116,0.8,0.18,0.1,-0.01,0.04,(D),(D),-0.1,-0.32,0.2,0.49,-0.13,0.07,-0.11
Seattle-Tacoma-Bellevue,WA,47.640405,-122.3303376,3.4,-0.01,0.07,0.13,0.07,1,-0.02,0.82,0.27,0.66,0.24,0.09,0.03,0.04
Sebastian-Vero Beach,FL,27.7292922,-80.4247712,5.6,-0.2,0,0.28,0.79,0.79,0.52,-0.03,2.06,0.78,0.25,0.31,0.08,-0.02
Sebring,FL,27.495592,-81.440907,-1.7,-2.29,-0.08,-0.03,0.16,0.6,-0.17,0.09,-0.25,0.54,-0.32,0.05,0.06,-0.03
Sheboygan,WI,43.7656088,-87.7045652,3.3,0.02,-0.05,0.76,0.7,0.23,-0.01,0.04,0.75,0.37,0.45,0.06,0.01,-0.03
Sherman-Denison,TX,33.8484913,-96.6775633,0.3,0.55,-0.45,-2.05,0.4,0.59,0.28,-0.02,-0.03,0.59,0.42,-0.06,0.02,0.07
Shreveport-Bossier City,LA,32.5164481,-93.715173,3,1.46,(D),0.22,1.32,0.17,0.07,0.08,-0.25,0.19,0.42,-0.03,-0.02,-0.58
Sierra Vista-Douglas,AZ,31.970089,-110.2965673,-2.8,-0.74,-0.26,(D),(D),0.14,0.05,-0.1,-0.62,-0.28,-0.17,-0.04,-0.02,-0.68
Sioux City,IA,43.0855344,-96.1774682,0.1,(D),(D),0.08,-0.03,0.4,0.03,(D),-0.01,0.84,0.15,(D),(D),0.05
Sioux Falls,SD,43.5294076,-96.7252747,1.7,-0.61,-0.07,0.23,0.04,0.9,(D),0.06,0.14,0.38,(D),0.1,0.02,0.07
South Bend-Mishawaka,IN,41.6744861,-86.2491561,0.7,-0.16,-0.2,-0.41,0.21,0.34,0,0,0.31,0.3,0.21,0.07,0.1,-0.09
Spartanburg,SC,34.9701413,-81.8920644,1.6,-0.06,-0.45,0.86,-0.26,1.07,0.16,-0.04,-0.6,0.74,0.19,-0.03,-0.01,0.08
Spokane-Spokane Valley,WA,47.6605384,-117.417883,2.1,0.24,-0.14,0.15,0,0.27,-0.24,0.02,0.87,0.3,0.33,0,0.19,0.08
Springfield,IL,40.112293,-88.24292,0.5,-0.83,0.02,-0.45,0.07,0.27,0.09,(D),-0.85,0.86,(D),0.17,-0.01,-0.57
Springfield,MA,42.1501368,-72.5373045,1.1,(D),-0.23,(D),(D),0.32,0.15,(D),0.47,0.3,0.51,-0.03,0.09,0.22
Springfield,MO,37.2165955,-93.352462,1.6,-0.01,0.02,0.38,-0.04,(D),(D),0.23,-0.75,1.09,0.25,0.16,0.05,-0.06
Springfield,OH,39.9242266,-83.8088171,-1.9,-0.47,-0.32,-0.23,-1.12,-0.18,0.1,-0.09,0.19,0.85,-0.13,-0.03,-0.31,-0.12
State College,PA,41.4071916,-80.3834797,3.9,0.01,-0.19,-0.03,-0.09,0.15,0.08,0.27,2.71,0.42,0.58,0.06,0.29,-0.38
Staunton-Waynesboro,VA,38.1177643,-79.0713009,-1,-0.07,-0.28,0.05,-0.55,-0.05,-0.03,0.08,-0.09,-0.05,-0.02,-0.03,-0.02,0.04
Stockton-Lodi,CA,38.1340037,-121.2693682,0.3,0.18,-0.11,0.08,0.06,0.41,0.05,0.33,-1.64,0.25,0.22,0.1,0.09,0.27
Sumter,SC,34.871675,-82.431449,2.4,-0.06,-0.55,0.15,1.99,0.21,0.18,0.03,-0.15,0.44,0.25,0.04,-0.02,-0.15
Syracuse,NY,43.009149,-76.1863746,0.3,0.01,-0.32,0.07,0.33,0.14,0.33,0.03,-0.6,0.09,0.12,0.05,0,0.02
Tallahassee,FL,30.4444479,-84.2774,1.1,-0.18,-0.05,-0.07,0,(D),0.01,0.33,-0.08,0.29,0.58,0.11,(D),-0.06
Tampa-St. Petersburg-Clearwater,FL,27.9375644,-82.7409869,2.7,-0.1,0,0.08,0.06,0.58,0.13,-0.2,1.15,0.38,0.28,0.32,0.04,-0.05
Terre Haute,IN,39.4667034,-87.4139092,-4,-2.31,-0.5,-0.06,-1.58,0.01,-0.43,-0.03,0.77,0.26,-0.29,0.42,-0.11,-0.13
Texarkana,TX,33.425125,-94.0476882,-1,0.35,-0.45,-0.14,-0.06,0.3,-0.13,0.04,-1.05,0.17,-0.1,0.04,-0.01,0.01
The Villages,FL,40.1692244,-105.0935246,2.6,-0.29,-1.44,-0.04,-0.12,0.84,-0.47,0.2,1.8,1.12,0.34,0.69,0.06,-0.07
Toledo,OH,41.645316,-83.5184659,6,0.08,0.31,0.69,2.44,0.15,0.1,-0.02,1.71,0.58,0.08,-0.02,-0.05,-0.11
Topeka,KS,39.0336398,-95.6999409,0.1,-0.26,-0.02,0.01,-0.22,-0.51,0.33,-0.08,0.68,0.29,-0.02,-0.05,0.1,-0.17
Trenton,NJ,40.2170534,-74.7429384,-0.3,-0.02,-0.07,0.02,0.18,0,0.24,-0.39,-0.59,0.08,0.17,0.08,0.05,-0.05
Tucson,AZ,32.2290055,-110.9716029,0.5,0.2,-0.35,-0.23,0.04,0.21,0.52,0.07,-0.36,0.17,0.17,0.14,0.08,-0.17
Tulsa,OK,36.1495567,-95.9890685,3.7,2.4,-0.29,0.37,0.17,(D),0.65,(D),-0.32,0.14,0.22,0.1,-0.03,-0.02
Tuscaloosa,AL,33.227924,-87.534502,0.5,-2.78,-0.29,0.95,1.29,(D),(D),0.1,0.17,0.75,-0.13,0.1,0.04,0.01
Tyler,TX,32.3339895,-95.3006768,6.2,4.68,-0.08,0.08,0.59,0.16,0.37,0.12,-0.01,0.24,0.07,0.08,-0.12,0.06
Urban Honolulu,HI,21.4587,-158.010197,1,-0.03,-0.12,0.01,0.16,0.19,0.04,0.02,-0.26,0.3,0.18,0.16,0.04,0.35
Utica-Rome,NY,43.1040563,-75.2226205,-1.3,-0.03,-0.18,0.02,0.05,0.04,0.04,0.02,-0.66,-0.58,-0.17,0.11,0.02,0.02
Valdosta,GA,30.8328,-83.2885,3.1,-0.41,-0.04,0.25,0.25,0.14,0.49,(D),2.47,0.04,-0.08,-0.02,0.09,-0.32
Vallejo-Fairfield,CA,38.1565333,-121.6916331,2,-0.11,-0.47,-0.14,1.78,0.37,0.08,-0.03,-0.65,0.14,0.62,0.09,0.12,0.18
Victoria,TX,30.753159,-95.723017,6.7,4.73,-0.14,-0.08,0.01,0.69,0.62,0.06,-0.01,0.47,0.19,0.01,0.14,0.06
Vineland-Bridgeton,NJ,39.445954,-75.2276576,1,-0.09,0.06,-0.04,0.28,0.29,-1.12,-0.76,1.89,0.14,0.5,-0.02,-0.05,-0.08
Virginia Beach-Norfolk-Newport News,VA,36.8377786,-75.9897424,-0.1,-0.02,-0.21,0.17,-0.33,0.16,0.03,(D),-0.27,0.08,0.24,0.05,(D),-0.14
Visalia-Porterville,CA,36.5557132,-119.3922505,-0.6,-1.69,-0.03,0.09,0.23,0.26,0.02,0.23,-0.39,-0.06,0.12,0.14,0.16,0.34
Waco,TX,31.5567352,-97.1319066,2.5,0.08,-0.31,-0.66,0.27,0.54,0.29,0.02,0.66,1.09,0.02,0.04,0.38,0.08
Walla Walla,WA,46.5652301,-120.5055984,0,-2.75,-0.41,-1.62,2.03,0.02,0.73,-0.8,-1.53,1.57,2.72,-0.09,-0.32,0.5
Warner Robins,GA,32.6130007,-83.624201,-1.7,-0.06,-0.07,0.34,(D),-0.13,0.06,(D),-0.13,-1.11,0.04,0.03,-0.38,-0.39
Washington-Arlington-Alexandria,DC,38.8898162,-77.0020567,0.3,0,-0.14,0.02,0.03,-0.01,-0.01,0.18,-0.13,0.18,0.06,0.05,0.05,-0.02
Waterloo-Cedar Falls,IA,42.4947449,-92.3326357,-0.8,(D),-0.09,-0.7,-0.02,0.07,-0.07,0.06,-0.16,0.33,0.22,-0.04,0.08,0.06
Watertown-Fort Drum,NY,44.0385993,-75.6852491,-1.9,0.05,-0.35,0.15,0.11,0.24,-0.46,0.03,-0.79,-0.2,0.14,-0.04,-0.01,-0.76
Wausau,WI,44.9752993,-89.6394749,3,0.3,-0.11,0.75,-0.09,0.39,-0.12,0,1.18,0.4,0.32,0.09,-0.03,-0.04
Weirton-Steubenville,WV,40.3666682,-80.5251995,0.7,0.05,0.16,-0.07,0.55,0.23,0.07,-0.39,-0.3,-0.07,0.44,0.03,0.03,-0.08
Wenatchee,WA,47.4279943,-120.3289698,3.7,-0.04,0.76,0.21,0.24,0.6,-0.05,0.23,0.24,0.22,0.79,0.23,0.14,0.13
Wheeling,WV,40.078338,-80.7260664,9.5,7.93,0.09,0.17,-1.38,0.25,0.04,-0.02,1.17,1.12,0.16,-0.02,0.06,-0.06
Wichita,KS,37.8006972,-97.3316325,2.2,0.23,0,0.15,1.12,-0.02,0.16,0.2,-0.07,0.57,-0.06,0.05,0,-0.12
Wichita Falls,TX,34.0990377,-98.316194,2.1,(D),-0.1,(D),(D),-0.03,0,-0.2,(D),(D),-0.21,-0.01,0.05,-0.02
Williamsport,PA,41.2412697,-77.0007706,3.9,0.4,-0.23,-0.07,0.05,-0.08,0.36,0.04,2.59,0.5,0.48,-0.05,0.01,-0.13
Wilmington,NC,34.0202568,-77.8974607,0,-0.05,-0.02,-1.25,-0.58,0.37,-0.02,0.25,0.78,0.39,0.07,0.1,0.03,-0.09
Winchester,VA,39.1856597,-78.1633341,-1.1,-0.01,-0.33,-0.09,-0.46,0,0,0.01,-0.04,-0.04,-0.04,-0.07,-0.01,0.01
Winston-Salem,NC,36.1028109,-80.2437675,3.7,0.12,-0.17,-0.3,1.38,0.04,0.13,0.01,1.38,0.69,0.38,0.08,(D),-0.08
Worcester,MA,42.20153,-72.61185,1.6,0.03,-0.02,0.17,0.71,-0.08,0.35,-0.47,(D),0.35,0.12,(D),-0.1,0.16
Yakima,WA,46.6007194,-120.5125516,0.3,0.24,0.07,-0.09,0.02,0.24,0.26,-0.03,-0.97,0.11,0.29,-0.06,0.07,0.12
York-Hanover,PA,39.8009646,-76.9822498,0.7,-0.14,-0.12,-0.21,-0.04,0.18,0.35,-0.2,0.46,0.28,0.11,0.06,0.06,-0.11
Youngstown-Warren-Boardman,OH,40.914663,-80.6511108,0.8,0.28,-0.35,0.77,0.16,0.49,0.05,-0.01,-0.43,-0.01,-0.04,0.14,-0.11,-0.11
Yuba City,CA,39.1396752,-121.5834563,0.4,-1.14,0.17,-0.07,-0.16,0.47,0.29,0.06,-0.18,0.04,0.21,0.02,0.45,0.2
Yuma,AZ,32.6926512,-114.6276916,-1.5,-0.81,-0.36,-0.15,-0.05,0.34,-0.03,-0.02,-0.58,0.61,-0.01,-0.1,0.02,-0.37
